X (m),Y (m),Yaw (rad),Distance (m)
1.6619551668476968,-0.04680097641665962,1.260428952665057,0
1.6619551668476968,-0.04680097641665962,1.260428952665057,0
1.6641059491109285,-0.04680220125896947,1.2615374298138438,0
1.6584133781553079,-0.04650464307818078,1.2517762360633486,0
1.662655454324732,-0.04675665107302425,1.2590860558114059,0
1.6655463241692883,-0.04683572018413826,1.2636102970826213,0
1.6657864279141863,-0.04684267608592238,1.2633560633887124,0
1.6652525430849452,-0.04698777505764991,1.2651855582939462,0
1.667099827824555,-0.04715345012088786,1.2639951202106061,0
1.6650995553180685,-0.04709814052020557,1.2615789108130233,0
1.6654892564434438,-0.047143257287449766,1.263327229552358,0
1.658407006822813,-0.04683133685741693,1.2529604370038125,0
1.6634729519164682,-0.04713365667680899,1.262138292438497,0
1.6575379296883805,-0.04681094152787253,1.252253772884515,0
1.6628921692120489,-0.047037914662983224,1.2579972799351458,0
1.665622505721757,-0.04714563400584487,1.2640876828677592,0
1.664911710522584,-0.047098556862753695,1.2621154910860894,0
1.6652545304225765,-0.046781486540933906,1.2611874184706833,0
1.665686937087325,-0.04681391320460007,1.262565464229111,0
1.6651051719268062,-0.047152784323311936,1.2617052290306883,0
1.6578531377685963,-0.04709017830867102,1.2513988208211113,0
1.6639647044837884,-0.04738674819073218,1.2609412130737834,0
1.6640568842576466,-0.04736066118094916,1.2591011123965503,0
1.657232618700657,-0.047109182026468285,1.252362969838773,0
1.658020440243187,-0.04737657115408691,1.250859865754738,0
1.664885191389161,-0.047707968968393785,1.2620262086878582,0
1.6642025229653372,-0.04764108735036259,1.25917889578587,0
1.665967036167353,-0.047719378990504754,1.2626608758834714,0
1.6649072002516079,-0.04768931173124802,1.2624839498184204,0
1.6642308501020793,-0.04761540946148523,1.259531430225477,0
1.6655292373947332,-0.047611898544735916,1.258739331344748,0
1.6644150960083568,-0.047897010013082164,1.2595466626212974,0
1.6633031878486966,-0.04767472108963801,1.2573705057096918,0
1.656195120293473,-0.0471377878530104,1.24245157063656,0
1.661172575170781,-0.0472080696111515,1.242094816973789,0
1.6603645693647064,-0.04770770189762878,1.2375793584419998,0
1.6525505888737089,-0.04778429393581256,1.2263315621302648,0
1.657418675200404,-0.04830895658122549,1.2347417442789517,0
1.6592058352798427,-0.048845866093515315,1.23873086082432,0
1.6607574745766167,-0.04896660914303989,1.243785155660204,0
1.6664405885920368,-0.048569768718316454,1.2892185037047628,0
1.6587863894582282,-0.04875585529072737,1.2399432486265278,0
1.6594370790558022,-0.048719148875873385,1.2384733539839645,0
1.6506160663890435,-0.04835159234841608,1.2237041710343848,0
1.6479201418523126,-0.047821352138231715,1.2162971622288403,0
1.6493560846573232,-0.04731537222626758,1.2528845507040904,0
1.6530753320058942,-0.04810706961248994,1.221975969668486,0
1.6532635675588099,-0.04842029375261295,1.2235716765867326,0
1.6538312018260108,-0.048417530531166264,1.2252922054111401,0
1.6507646387311845,-0.04823837357207052,1.2198172707901223,0
1.6583091863102217,-0.04768401840057404,1.305116919103156,0
1.649462757262388,-0.0482848881245292,1.2196537564340189,0
1.653913317582875,-0.048094032158091854,1.2583068743892425,0
1.6532355890494,-0.04803537705242794,1.2556342663207856,0
1.647680003236819,-0.04836920005143734,1.214824909739366,0
1.6532344151685125,-0.04786506508018889,1.2541359194504333,0
1.6550582452626457,-0.04733677756622605,1.2931139641130354,0
1.6532122595249539,-0.04668099055790894,1.281058232417366,0
1.6522641224175783,-0.046581496246553826,1.2742347643014889,0
1.6461626884234344,-0.04741359677164702,1.228573160010611,0
1.6257239645129906,-0.05755523738966533,1.1076855957844196,1.5999999999999999
1.6645830961612695,-0.05569351899479174,1.255644798277579,1.5999999999999999
1.6745700980899023,-0.06166334855224162,1.2748081097521338,1.5999999999999999
1.6750659447620422,-0.0556018936000016,1.2601686129967793,1.5999999999999999
1.6634641887191908,-0.05823316344300167,1.2333414782674674,1.5999999999999999
1.6341274907977559,-0.06255609623243338,1.1263822431963333,1.5999999999999999
1.6749292604068413,-0.05898750132973357,1.275938084652401,1.5999999999999999
1.6559907940641134,-0.055987202009028944,1.2240683199014186,1.5999999999999999
1.6833419055269636,-0.058610156340518596,1.3019226562736705,1.5999999999999999
1.6801865581015498,-0.05769463416798302,1.2968460463148521,1.5999999999999999
1.6661195343312742,-0.057302958383702904,1.254435996576689,1.5999999999999999
1.640803891779488,-0.056757260391032766,1.220848383465178,1.5999999999999999
1.633142259245201,-0.05674878135882498,1.1421080579255822,1.5999999999999999
1.6750564447915788,-0.055682252093259776,1.2882864477294111,1.5999999999999999
1.6845148069074483,-0.05714220101528956,1.321452651033138,1.5999999999999999
1.6639218383314445,-0.057358631068205546,1.258792146077051,1.5999999999999999
1.6515600301495845,-0.0560400213732383,1.2122275320189575,1.5999999999999999
1.6247915668020503,-0.05563467336637535,1.134876902566695,1.5999999999999999
1.6721545393496209,-0.05624457235360838,1.2877020482622918,1.5999999999999999
1.677362877295955,-0.05733763628459808,1.2917226610001122,1.5999999999999999
1.6710230177575882,-0.05734134687490255,1.2687873776888983,1.5999999999999999
1.6619366597616254,-0.05636425229407723,1.2514271745250682,1.5999999999999999
1.6146476826094163,-0.058381341847765424,1.9776883967744376,1.5999999999999999
1.6531549727123451,-0.056586428892502524,1.2439212486562516,1.5999999999999999
1.6799206323574782,-0.057019836012019556,1.2956994301080915,1.5999999999999999
1.6711176383941502,-0.05749661158566802,1.262037187130997,1.5999999999999999
1.633534889965465,-0.057076752881787575,1.1408737938347862,1.5999999999999999
1.6168858541522402,-0.05864709657848948,1.9754148337223938,1.5999999999999999
1.6512874481003805,-0.05544825742122156,1.2247670658461378,1.5999999999999999
1.6675061251369219,-0.056277647396270884,1.2590562588447871,1.5999999999999999
1.6783605572989662,-0.05786814844548023,1.2800148624666163,1.5999999999999999
1.6791535988431274,-0.0569331233975051,1.280302125443953,1.5999999999999999
1.7346791578198417,-0.06109377389173545,1.5627562987849541,1.5999999999999999
1.6562411776826342,-0.0547285348587019,1.2266297024796686,1.5999999999999999
1.671555396745219,-0.05649379233522428,1.271631848519032,1.5999999999999999
1.6768409805708073,-0.05787695336324543,1.2674925295552442,1.5999999999999999
1.6739962939737585,-0.057057417254132804,1.2769919747889846,1.5999999999999999
1.6556710713970146,-0.05545904817116997,1.2205004110216264,1.5999999999999999
1.6663456369119123,-0.055758452768710234,1.26166207275638,1.5999999999999999
1.6814995387512583,-0.05744299399244835,1.2871688333097955,1.5999999999999999
1.7422484696077634,-0.06267068992167965,1.4610718621199128,1.5999999999999999
1.6364552425626782,-0.055954825900094214,1.200445503200139,1.5999999999999999
1.6696789129586154,-0.056724996936114436,1.2753785846273158,1.5999999999999999
1.6780784967139148,-0.05573219217591358,1.2816576250698197,1.5999999999999999
1.678701981888967,-0.05529098615888751,1.2750383355104595,1.5999999999999999
1.6792330997823433,-0.05536671760087882,1.2766433979190213,1.5999999999999999
1.6622505566146186,-0.055287028016240705,1.253102707243882,1.5999999999999999
1.6413076949342689,-0.05472547359962752,1.214588643625189,1.5999999999999999
1.6669420259319312,-0.0559649642870326,1.2451491123293104,1.5999999999999999
1.6407075010974808,-0.05908291043943563,1.9425755608384627,1.5999999999999999
1.674897528590149,-0.05881927880855017,1.2626242468353137,1.5999999999999999
1.6763607118146886,-0.05758826260998095,1.2854680971705414,1.5999999999999999
1.6784336836611549,-0.05644662910674731,1.292225203036259,1.5999999999999999
1.6789152681061408,-0.057988640388887486,1.2724864471438806,1.5999999999999999
1.6783641976325163,-0.05690785166732308,1.2874920640545273,1.5999999999999999
1.6749991412316265,-0.056561703679961724,1.2853885644248766,1.5999999999999999
1.636545010139446,-0.059213369526536094,1.9186683909424604,1.5999999999999999
1.6349066505151444,-0.05816891804654732,1.923638684108943,1.5999999999999999
1.668414961005775,-0.05528190184894313,1.2447744530098925,1.5999999999999999
1.6596379965352848,-0.05466844731483063,1.229678714607008,1.5999999999999999
1.6422958004274442,-0.04421351217412642,1.194015318284337,1.4818181818181817
1.6744467032322305,-0.04461054274706934,1.2708507451410904,1.4818181818181817
1.653436537203436,-0.04252458928241071,1.219636272604531,1.4818181818181817
1.6683851686862554,-0.04359428109369124,1.2528515228103472,1.4818181818181817
1.6606444172987977,-0.043359353757752093,1.2401710747375112,1.4818181818181817
1.6782338991313417,-0.044932740774003305,1.2839970208899392,1.4818181818181817
1.6809195192997914,-0.04759609937679209,1.2834448490200996,1.4818181818181817
1.6652681233867759,-0.046071268549091854,1.2448766826764113,1.4818181818181817
1.6682375762728254,-0.04680178666016377,1.2645744854669996,1.4818181818181817
1.6753785197431728,-0.04681691056482471,1.2661624066827828,1.4818181818181817
1.6588514329754414,-0.04589909512069374,1.229490450743462,1.4818181818181817
1.6579983498525994,-0.04588816976843317,1.2391188799614818,1.4818181818181817
1.6655432066649973,-0.04820087430131339,1.2458241220056343,1.4818181818181817
1.6394423186100575,-0.050378093713498315,1.9225511965920692,1.4818181818181817
1.6698485194217747,-0.0481957855787036,1.254095235507998,1.4818181818181817
1.6682101700092407,-0.0487795621878368,1.2457149897641526,1.4818181818181817
1.6691274112363534,-0.049252104970542804,1.225437202487839,1.4818181818181817
1.652678404204604,-0.04734072302768405,1.2092014554994672,1.4818181818181817
1.647073084098129,-0.04618098116067117,1.205849097803157,1.4818181818181817
1.6611236053229022,-0.046745466850133824,1.238039195334313,1.4818181818181817
1.6654124918094748,-0.04779194135834609,1.2433784464386783,1.4818181818181817
1.664414895946014,-0.04785230355134162,1.2476247162091472,1.4818181818181817
1.6724623209249687,-0.04819670933088738,1.2541169520244155,1.4818181818181817
1.6765985884196692,-0.04906442641253541,1.262746524993491,1.4818181818181817
1.6768164579181926,-0.049903236168905296,1.2663432426814962,1.4818181818181817
1.6683208697497918,-0.04947677587661643,1.2463318838649482,1.4818181818181817
1.6716744247770454,-0.049592801495662794,1.2505251790078,1.4818181818181817
1.6735142838363002,-0.05012513942316192,1.2541814215922376,1.4818181818181817
1.6652498753039835,-0.04935471404613376,1.237649974708209,1.4818181818181817
1.6607497261139577,-0.04849723826797317,1.22552073814185,1.4818181818181817
1.6719865580668205,-0.04830619691725891,1.2519661045206394,1.4818181818181817
1.6693425012183396,-0.04899539400961612,1.2465937147157244,1.4818181818181817
1.6817978780967455,-0.04994935409879753,1.2765640866363586,1.4818181818181817
1.6785815328970366,-0.050371509316562965,1.265490565496143,1.4818181818181817
1.6365589848873645,-0.049464720643822076,1.1006168727400598,1.4818181818181817
1.6509591241236266,-0.04848274549971221,1.1918589152736982,1.4818181818181817
1.6744872144011533,-0.04980559437327263,1.2419740928103764,1.4818181818181817
1.6768753630580366,-0.04997371700083685,1.2519811975407655,1.4818181818181817
1.6739929316688509,-0.050249998014077146,1.245842947275977,1.4818181818181817
1.6657836282988991,-0.04997160744712648,1.233347259083219,1.4818181818181817
1.6681775286177605,-0.0499313456892237,1.2423008410106542,1.4818181818181817
1.6792265106655881,-0.05045758747876592,1.2668723970067473,1.4818181818181817
1.6830272466112497,-0.05046542312962865,1.2736038386078539,1.4818181818181817
1.6816744778765549,-0.04987903398893094,1.2737924806844385,1.4818181818181817
1.6725650532481149,-0.049109833315987624,1.2589669259898881,1.4818181818181817
1.6731962869931547,-0.049356202491825124,1.2629417497624114,1.4818181818181817
1.6740754561635396,-0.049782666516952435,1.2606678721258024,1.4818181818181817
1.6775800840718402,-0.050779917006586704,1.2616780109184424,1.4818181818181817
1.676936077320555,-0.05128443543185659,1.261285573455756,1.4818181818181817
1.6783148533377634,-0.05137779137592618,1.2609781694404607,1.4818181818181817
1.6782253553540967,-0.05079582212884752,1.2550434111495894,1.4818181818181817
1.6741888486231264,-0.04859245700550305,1.2692387194497792,1.4818181818181817
1.6753623818158287,-0.04926974629843511,1.2691059231471087,1.4818181818181817
1.674634905754342,-0.049977632976166336,1.2621497683576375,1.4818181818181817
1.6653541299629537,-0.05004493510094156,1.2403411346205078,1.4818181818181817
1.6718893752737143,-0.051053747058229876,1.2546030986173573,1.4818181818181817
1.6796215331205815,-0.051647559750399925,1.26578807629172,1.4818181818181817
1.6794967313376095,-0.05156738996033492,1.2650029741976427,1.4818181818181817
1.6801538545841141,-0.051675879860814566,1.2617168129937877,1.4818181818181817
1.6765344119283117,-0.05140876443724262,1.253471979958592,1.4818181818181817
1.6903532061118294,-0.05887238000092236,1.2531240072487406,1.3636363636363635
1.686550722008799,-0.05906152080598406,1.2487487460876114,1.3636363636363635
1.6877925561610834,-0.05962434484024387,1.2618359237778556,1.3636363636363635
1.7032468129841318,-0.06462498859388154,1.2957784785185849,1.3636363636363635
1.713191152060769,-0.06378709175575972,1.312542380492954,1.3636363636363635
1.6773081471198368,-0.059104661731121846,1.2251658897880897,1.3636363636363635
1.7086359919710352,-0.06306655890011262,1.2815696725807049,1.3636363636363635
1.6780594259397654,-0.0581290775097458,1.2331455091968053,1.3636363636363635
1.6955237242855248,-0.05859937792086356,1.2870376266853665,1.3636363636363635
1.7036048187621051,-0.06016626561552351,1.2786408083469298,1.3636363636363635
1.6968156494437547,-0.05984781907792154,1.2839661697607423,1.3636363636363635
1.67053521661833,-0.05854015366696391,1.2318821675958254,1.3636363636363635
1.6751889626932024,-0.05863656570049485,1.2304871503664623,1.3636363636363635
1.69150013240284,-0.05790966210657571,1.2640932196594452,1.3636363636363635
1.7021126501887767,-0.057545188892595724,1.2859883943615973,1.3636363636363635
1.7033145185532257,-0.05904644713872422,1.289512938604867,1.3636363636363635
1.6981949262157237,-0.05921476729646385,1.2792858584462343,1.3636363636363635
1.6964012503059218,-0.05822836775662385,1.2817949605706052,1.3636363636363635
1.6830105966722853,-0.05805592437984185,1.2635760289333307,1.3636363636363635
1.678465291277686,-0.05868053715343698,1.245099432974816,1.3636363636363635
1.6903743111862402,-0.057523376041347815,1.2685501307138969,1.3636363636363635
1.705270093570852,-0.058709220639425796,1.2934194069967577,1.3636363636363635
1.7028714019241424,-0.059299518477071995,1.2906696719436195,1.3636363636363635
1.6961771825125427,-0.05854165438867648,1.283293123513917,1.3636363636363635
1.688731169820549,-0.05750002337078726,1.2604006533056402,1.3636363636363635
1.673537183579552,-0.057313085592246835,1.2368136580415336,1.3636363636363635
1.6801417157415914,-0.05776227337829906,1.2443833753664784,1.3636363636363635
1.69104191750367,-0.05799917414699941,1.2553676471896547,1.3636363636363635
1.6819358321811624,-0.05823712243891625,1.2412696854623528,1.3636363636363635
1.7089873244670108,-0.057838385582696786,1.3252799619297795,1.3636363636363635
1.6928117025594362,-0.05760451516173558,1.2739399202702741,1.3636363636363635
1.6701334366763534,-0.058010991784194624,1.2035816960197685,1.3636363636363635
1.6980288628731641,-0.058008638023448626,1.276014074996493,1.3636363636363635
1.7116877581485401,-0.05733197023641956,1.3175600298563193,1.3636363636363635
1.7069651309629814,-0.05680261689267126,1.3048463393236818,1.3636363636363635
1.7052423267133452,-0.05687333511347087,1.2963337025857007,1.3636363636363635
1.70611308584615,-0.05685476463178263,1.2982290934065537,1.3636363636363635
1.712685700480214,-0.05707023739932297,1.3124823653800841,1.3636363636363635
1.7061429006374762,-0.056825167883488056,1.2914408397899864,1.3636363636363635
1.6909013801010648,-0.056833431462571214,1.2623621910641682,1.3636363636363635
1.6925643343441175,-0.05774840791371386,1.2703969421659622,1.3636363636363635
1.7040922432254586,-0.05945379165903564,1.2757639585545477,1.3636363636363635
1.7096723843076007,-0.059723777570506106,1.3030091470260554,1.3636363636363635
1.7115895538344088,-0.05856760854711304,1.3306056439127538,1.3636363636363635
1.6942227381239052,-0.05884025599969356,1.2621277192042897,1.3636363636363635
1.7081962872848706,-0.05982496830948836,1.2980846637572547,1.3636363636363635
1.7030212407142171,-0.05802001788625767,1.2916743429938973,1.3636363636363635
1.699972900084145,-0.05900671459534694,1.2967815389511794,1.3636363636363635
1.68396416618967,-0.05823001567388554,1.2378213798572857,1.3636363636363635
1.6808990186913446,-0.05769865905197069,1.2487934738332203,1.3636363636363635
1.6882004751467492,-0.05721906304670739,1.2535073623507365,1.3636363636363635
1.7044874295332733,-0.05686486021464327,1.2706555213765385,1.3636363636363635
1.7025158870061392,-0.05652106422682181,1.2732722940489498,1.3636363636363635
1.6976425110429303,-0.057367137800700116,1.285908140848295,1.3636363636363635
1.6786300984205482,-0.05680096243164859,1.2328094694095653,1.3636363636363635
1.6795018037800795,-0.05779505220408847,1.2271258630975914,1.3636363636363635
1.670206258112882,-0.057452450225712805,1.2204476876567933,1.3636363636363635
1.680064958405888,-0.05770943359911092,1.2306810748800203,1.3636363636363635
1.6777424105405983,-0.057223024714713966,1.2491328526699,1.3636363636363635
1.6743629936182303,-0.05638244160245033,1.223680590962598,1.3636363636363635
1.7327193883752243,-0.07523575449277771,1.2901357593479195,1.2454545454545454
1.7328620131211263,-0.07511206712351831,1.2932793248945447,1.2454545454545454
1.7049905799252663,-0.07246938756316774,1.2178393039164184,1.2454545454545454
1.6942594700882583,-0.07086447713445815,1.2034679182804056,1.2454545454545454
1.728858496919921,-0.07531228580268362,1.2730690085437435,1.2454545454545454
1.7049906251914293,-0.07371975345788272,1.224623522507774,1.2454545454545454
1.7499018903682138,-0.07724662341482194,1.5205480068499402,1.2454545454545454
1.7498250782251183,-0.07750004736550575,1.625388850929472,1.2454545454545454
1.690135647085998,-0.07332793739167183,1.2010404888439103,1.2454545454545454
1.7528015310456813,-0.0779650100895906,1.4419330500932377,1.2454545454545454
1.7017865859964796,-0.07467051254696012,1.2268742697406676,1.2454545454545454
1.7081026347129054,-0.07409564619273669,1.232210612260298,1.2454545454545454
1.6929504764515086,-0.07339563694111308,1.2026456036034008,1.2454545454545454
1.714525501113318,-0.07489252061137297,1.2337088799706861,1.2454545454545454
1.6955648200908278,-0.07384272147035788,1.1975855181862853,1.2454545454545454
1.6911920516907997,-0.07331472170332032,1.1899408552359303,1.2454545454545454
1.7570939246453539,-0.07877059180103131,1.5883691843970495,1.2454545454545454
1.6967051321191629,-0.07426653528189485,1.197371545146825,1.2454545454545454
1.7149715833367534,-0.07528686432937043,1.236215830846507,1.2454545454545454
1.7327102911928929,-0.07649308415060445,1.2923233085376844,1.2454545454545454
1.7223436007485438,-0.07578113714503268,1.2568349170760154,1.2454545454545454
1.6961622879896638,-0.07416080976443845,1.2026243677957429,1.2454545454545454
1.6942775976466742,-0.07388967534237247,1.1979417157490801,1.2454545454545454
1.6985661605923092,-0.07377541704104934,1.1991811815689102,1.2454545454545454
1.6993072448817284,-0.07445893040618358,1.2080292103323937,1.2454545454545454
1.6899811692683706,-0.07414123986482374,1.1927419194870312,1.2454545454545454
1.6887891999603954,-0.0742304553981675,1.1916271174491335,1.2454545454545454
1.6949172088164035,-0.07449162389823469,1.2091293506588774,1.2454545454545454
1.7288074680787817,-0.07640747935213646,1.2799286534977083,1.2454545454545454
1.721105956146805,-0.0757237489942962,1.2599070104791217,1.2454545454545454
1.7056328503357698,-0.07469399838079882,1.2234523316735715,1.2454545454545454
1.700122400274334,-0.07444549953507512,1.2136252865458732,1.2454545454545454
1.700408780749131,-0.07469813900497879,1.2126965184054757,1.2454545454545454
1.7069938447520283,-0.07546272709612076,1.2249867425526113,1.2454545454545454
1.7310751916926945,-0.07741145632288096,1.2961099797947617,1.2454545454545454
1.7071230556154906,-0.07555116399816075,1.242070835424796,1.2454545454545454
1.7035596278628782,-0.07439494021157199,1.2218185101084702,1.2454545454545454
1.6928812828232356,-0.07365234493890443,1.1955139935633892,1.2454545454545454
1.6914694685738576,-0.07455899202058766,1.1927756935437555,1.2454545454545454
1.6906871676233783,-0.07489679425931546,1.1896406369525634,1.2454545454545454
1.6922117145795084,-0.07475728138908734,1.1889706766101542,1.2454545454545454
1.7099115552371593,-0.07605080256041243,1.225560469320318,1.2454545454545454
1.7247491511314164,-0.0775437222709311,1.2643197797608743,1.2454545454545454
1.7235827452003853,-0.07668926389342484,1.2607254326192032,1.2454545454545454
1.7190474849689372,-0.07660218157137663,1.2537814916917949,1.2454545454545454
1.7159048052481873,-0.07678304645990966,1.241524678404516,1.2454545454545454
1.716872209622354,-0.07716234542687941,1.2491253863355094,1.2454545454545454
1.7314962157127614,-0.07852765856485158,1.2885908777902473,1.2454545454545454
1.7237056227066394,-0.07768999727117366,1.2740855984361426,1.2454545454545454
1.6960450388779718,-0.07597723194559938,1.2178439753019386,1.2454545454545454
1.6969861188891042,-0.07615927508201933,1.2174945084986728,1.2454545454545454
1.7073193315094093,-0.07689602667475026,1.2312299819501535,1.2454545454545454
1.72351458266839,-0.07738810709073765,1.2546322125317544,1.2454545454545454
1.73102580733052,-0.0778043763181311,1.2834992227282658,1.2454545454545454
1.7303355251298675,-0.07783825683226442,1.2797897121091506,1.2454545454545454
1.7303905648212958,-0.07805124677902144,1.2791480621825424,1.2454545454545454
1.7213981299504408,-0.07761182547883144,1.2535464913526253,1.2454545454545454
1.718181281910528,-0.07733615206775266,1.2445812917508616,1.2454545454545454
1.7253085227432972,-0.07807836596018167,1.263195203356828,1.2454545454545454
1.7294143350662123,-0.07833005557488862,1.2749719743713455,1.2454545454545454
1.7210284533920728,-0.07753106936645042,1.2322934369058585,1.1272727272727272
1.768020627159736,-0.0807861796987706,1.5279947856481655,1.1272727272727272
1.74269775980093,-0.0798175616195623,1.273975629350493,1.1272727272727272
1.7243686727740144,-0.08156913005485508,1.2550564506398778,1.1272727272727272
1.7427397789469334,-0.07998443480785486,1.2895314502642938,1.1272727272727272
1.729649942856386,-0.08029518255763157,1.2503770749384682,1.1272727272727272
1.7658052322320548,-0.0820721526425012,1.586779298249199,1.1272727272727272
1.7692887988014996,-0.0806698924762935,1.5679191078596004,1.1272727272727272
1.7262455533436962,-0.07802545141395212,1.251672478453166,1.1272727272727272
1.7390345784699555,-0.07766570481810448,1.2809415296622078,1.1272727272727272
1.7212479249173498,-0.07762970240504163,1.2300247874172237,1.1272727272727272
1.7123600692151566,-0.07787282619724789,1.2080517852221566,1.1272727272727272
1.7382700745089905,-0.07776971581137732,1.2620831127020073,1.1272727272727272
1.7684547031786315,-0.07930911555952282,1.5012260463250207,1.1272727272727272
1.7689620109523605,-0.07970594045373866,1.5783322979918024,1.1272727272727272
1.7672067216202854,-0.07950933400430579,1.6161789273145597,1.1272727272727272
1.7770747841528742,-0.07942464049715263,1.5961325306077245,1.1272727272727272
1.7715220985155087,-0.07968069641496997,1.5443900411562688,1.1272727272727272
1.72960698163384,-0.07723777208523701,1.2522022381806535,1.1272727272727272
1.746082447703047,-0.07845652634550301,1.3188531321963974,1.1272727272727272
1.7254698918168687,-0.07803427593237716,1.2545096883369893,1.1272727272727272
1.7709207712220896,-0.08007865855875276,1.5212395164444816,1.1272727272727272
1.7703292513950983,-0.08117687186861797,1.557857234254694,1.1272727272727272
1.7183403425435668,-0.07812985361180931,1.2431691668432627,1.1272727272727272
1.7109878890412884,-0.07763793501289365,1.230525635463038,1.1272727272727272
1.7357313965585288,-0.07745870685402836,1.2398483552546185,1.1272727272727272
1.7435189985101618,-0.07774433508176418,1.2872820116008983,1.1272727272727272
1.7402780418873243,-0.07725274755904071,1.2818944080993486,1.1272727272727272
1.7215115534184546,-0.076258646994557,1.2400970892585534,1.1272727272727272
1.7711481800741304,-0.07867818306884707,1.5192658137739405,1.1272727272727272
1.7713730772973522,-0.07868725980174074,1.532678280297856,1.1272727272727272
1.7709968504570566,-0.07886022093639966,1.5137313323802981,1.1272727272727272
1.7250773741989502,-0.07653003459003263,1.250994010385681,1.1272727272727272
1.7407723719874566,-0.07699493640618221,1.2901672321062785,1.1272727272727272
1.7471179647079125,-0.07775627186360254,1.3297683048636189,1.1272727272727272
1.7408361598805064,-0.07761696742419351,1.2895884866621778,1.1272727272727272
1.7447468088961107,-0.07877267857350037,1.2908026938246047,1.1272727272727272
1.7411672849586186,-0.07812544350222714,1.3064901086430845,1.1272727272727272
1.740793713544833,-0.07690561385199308,1.285744999336207,1.1272727272727272
1.7360725496171336,-0.07694537303891723,1.2716529181230416,1.1272727272727272
1.7392685136916513,-0.0761191499169667,1.2815929692091106,1.1272727272727272
1.7404989876286767,-0.07581776773778585,1.2849872375936044,1.1272727272727272
1.7376621078900665,-0.07597853098085484,1.2788245612295244,1.1272727272727272
1.7399440657658158,-0.0762384229986249,1.2774353976279005,1.1272727272727272
1.7419796194643098,-0.07635936552639079,1.276907678228838,1.1272727272727272
1.739687878146658,-0.07627572666903407,1.2598458304951037,1.1272727272727272
1.7444645169467468,-0.07796768322992309,1.312755989713777,1.1272727272727272
1.7392534190403763,-0.07698607450565431,1.2959083995219718,1.1272727272727272
1.7338742096498851,-0.07665864957385558,1.264086440603462,1.1272727272727272
1.7357955247058345,-0.07647352146114206,1.2499971420889167,1.1272727272727272
1.7350037275825112,-0.07574929223531256,1.2458106022079618,1.1272727272727272
1.7432984734983417,-0.07674565093453595,1.2776804778695194,1.1272727272727272
1.7432704494093807,-0.07689152685532656,1.2956871808269423,1.1272727272727272
1.7429724677964926,-0.07655400095593817,1.3042376285314563,1.1272727272727272
1.7412632760475493,-0.07644474907896484,1.2854773517609508,1.1272727272727272
1.7382802402081925,-0.07620585974878086,1.2748135255039827,1.1272727272727272
1.73794368864139,-0.07582409490788844,1.2695116265155513,1.1272727272727272
1.735862403760909,-0.07567063647269806,1.259282245471021,1.1272727272727272
1.7385192943130112,-0.0759190219928492,1.2504927785678823,1.1272727272727272
1.7431834810831672,-0.07624446910390725,1.263125586312825,1.1272727272727272
1.7783835915767972,-0.07688422459792736,1.5360435141991806,1.009090909090909
1.7786331946765932,-0.07707983610477576,1.534800989507128,1.009090909090909
1.7774726456891345,-0.0746433250878559,1.3494443971319703,1.009090909090909
1.7878936725867627,-0.0752652650871667,1.5492329905746576,1.009090909090909
1.7808743766986574,-0.0742425217293126,1.5286077551047734,1.009090909090909
1.7528443318889089,-0.0707684383220396,1.2381737212285435,1.009090909090909
1.7828128040973552,-0.0750352186745596,1.5172766763938097,1.009090909090909
1.7870636903959598,-0.07645097895216107,1.5291059176517758,1.009090909090909
1.740165897590588,-0.07157011979748622,1.201408055460711,1.009090909090909
1.777896660576799,-0.07661681040348263,1.5659030078070915,1.009090909090909
1.7539356549133331,-0.07416359567187387,1.230610659674182,1.009090909090909
1.7504011027667001,-0.07426543311381069,1.2285559389259217,1.009090909090909
1.7395174289137731,-0.07424272997181852,1.1927293113605866,1.009090909090909
1.7773657516034953,-0.07855223116131235,1.555465198103417,1.009090909090909
1.7793438167116704,-0.07623641263315985,1.3300917223578868,1.009090909090909
1.7812388564190704,-0.07654430287777375,1.3629497697039563,1.009090909090909
1.7840961836064257,-0.07799577500632265,1.5806354570854764,1.009090909090909
1.7439901876893267,-0.07401916560003148,1.2173008997640065,1.009090909090909
1.7514585273850531,-0.07432014343970361,1.2382354212141302,1.009090909090909
1.7863021097598963,-0.07739243211853795,1.5123273852719474,1.009090909090909
1.7785165441162438,-0.07643290762514375,1.3402788771456422,1.009090909090909
1.737693282681051,-0.07435389997036275,1.1970072743270783,1.009090909090909
1.7514483014277986,-0.07567830358146652,1.2206091070519478,1.009090909090909
1.7543606186153444,-0.07662931497610168,1.2343352414078246,1.009090909090909
1.746363712116438,-0.0763174206431868,1.2212080839549777,1.009090909090909
1.7505514847934112,-0.07622595616210051,1.2267102527016793,1.009090909090909
1.7481652715025078,-0.0758703051623607,1.2189059264871533,1.009090909090909
1.7431775526988256,-0.07550853722057461,1.2038129136286202,1.009090909090909
1.7773218167522036,-0.07932876126295041,1.5326548931272077,1.009090909090909
1.7829018695204133,-0.07941389460507894,1.5258961300589802,1.009090909090909
1.741809885207175,-0.07544296874152887,1.2048820635370159,1.009090909090909
1.7783507227931112,-0.08017300473827785,1.5173732851971646,1.009090909090909
1.7796597647180743,-0.08024939767158334,1.5041383461197162,1.009090909090909
1.779544932379761,-0.08003610062199103,1.5041833773401072,1.009090909090909
1.7805810187724016,-0.08015120438138512,1.502912240068785,1.009090909090909
1.7804339500125383,-0.0802822920589434,1.4994997545449766,1.009090909090909
1.7867664007371493,-0.0801218485310933,1.486886161862439,1.009090909090909
1.7857370972475892,-0.08004713089268357,1.4975589845695123,1.009090909090909
1.7867422086208244,-0.07906592931730416,1.4092468434821186,1.009090909090909
1.7470154747963051,-0.07577594783400504,1.2237475656181858,1.009090909090909
1.7487810421910415,-0.07621048557333664,1.2257754523972237,1.009090909090909
1.7494680947031975,-0.07637063838931839,1.2266044039761403,1.009090909090909
1.748835080510172,-0.07661649135323058,1.2234354717148483,1.009090909090909
1.748741546209862,-0.07670813960572652,1.2217061940786722,1.009090909090909
1.7870434041671668,-0.0811483712076393,1.5227627345951436,1.009090909090909
1.7470289473684466,-0.07714302940985505,1.2203803303998373,1.009090909090909
1.750636815946877,-0.07701367763830269,1.22845164995385,1.009090909090909
1.78072690511443,-0.07990362205015733,1.495157287312008,1.009090909090909
1.7796413340315556,-0.07839500235053695,1.3290356325280919,1.009090909090909
1.7858580118409693,-0.0806007613766167,1.5074930029451157,1.009090909090909
1.7852899720549233,-0.08063463620982432,1.5153324372906551,1.009090909090909
1.7843532603152408,-0.08069247150463806,1.5192013472624926,1.009090909090909
1.7834383007045198,-0.08081459450699927,1.538209068778158,1.009090909090909
1.7843858226246088,-0.080884111984783,1.5236375497116983,1.009090909090909
1.785445855344721,-0.08081552071501895,1.5129868339785422,1.009090909090909
1.7892528267641183,-0.08124672955360993,1.5821216569027097,1.009090909090909
1.7860100371155196,-0.08100085086043866,1.513797582639353,1.009090909090909
1.7392398752525557,-0.07598781083893623,1.2009871046166012,1.009090909090909
1.7435292387192158,-0.07607267867079613,1.2121059606449933,1.009090909090909
1.7533306817843521,-0.07698835191080729,1.2279541400947092,1.009090909090909
1.7965230639408,-0.08144551922272163,1.5256561703182296,0.8909090909090909
1.797607266884861,-0.08191298481344522,1.5096993301089316,0.8909090909090909
1.7989721448012619,-0.08162829077190402,1.499638628670817,0.8909090909090909
1.7933925816774174,-0.08289310750890985,1.4491151942140872,0.8909090909090909
1.7935906661413266,-0.08385145789995618,1.4681531065139388,0.8909090909090909
1.7956862119330088,-0.08335808148576188,1.412245321161329,0.8909090909090909
1.797208051498176,-0.08415894245261503,1.4688670625026532,0.8909090909090909
1.7960012383569743,-0.08268646632276064,1.440673195710838,0.8909090909090909
1.7963952177627187,-0.0809912634827622,1.449036820424448,0.8909090909090909
1.793541095522768,-0.07994905290558108,1.4266906753005768,0.8909090909090909
1.7914221326509645,-0.08089577554261321,1.4309541077323418,0.8909090909090909
1.795686954696776,-0.08155876631425585,1.4922614712808147,0.8909090909090909
1.7973684423300225,-0.08119419353896738,1.4524810446020373,0.8909090909090909
1.7930445494960028,-0.08027705926115952,1.407736845129559,0.8909090909090909
1.7948870067432834,-0.08017278859832769,1.4289289784560304,0.8909090909090909
1.7956710512602032,-0.08008710471422523,1.448186365940502,0.8909090909090909
1.795534712417652,-0.07987030152671655,1.4462562214714043,0.8909090909090909
1.7933011736810065,-0.07968535026535115,1.4127930044322219,0.8909090909090909
1.7960125535801983,-0.07994558908164755,1.4369900882363844,0.8909090909090909
1.798010834924939,-0.08040416893885877,1.4410360446696153,0.8909090909090909
1.7985941253613105,-0.08108295987907975,1.4923759135635692,0.8909090909090909
1.7951445680697864,-0.08098771424478529,1.5379739102796737,0.8909090909090909
1.7940685199934228,-0.08107799282208376,1.4794445854405749,0.8909090909090909
1.794956075911566,-0.08134603276221972,1.457580692302622,0.8909090909090909
1.7971211164412288,-0.08093838839248838,1.5082730949449323,0.8909090909090909
1.7966727839071142,-0.08141402214369155,1.4885308153871137,0.8909090909090909
1.7952244118512677,-0.08078641621134974,1.444756636430065,0.8909090909090909
1.7944948642650556,-0.08015777089917263,1.4318040463725084,0.8909090909090909
1.7935812493444185,-0.08028352004039446,1.4290753582519287,0.8909090909090909
1.7928035566197464,-0.07997769689837506,1.4130520972606369,0.8909090909090909
1.793108104274761,-0.07965444475461401,1.4142027086166589,0.8909090909090909
1.7931260555368687,-0.07977423006810393,1.4258566467048808,0.8909090909090909
1.7956754476534864,-0.08026911674723429,1.4356965919977873,0.8909090909090909
1.7971094749197145,-0.08041408382068044,1.4438061134822178,0.8909090909090909
1.7984697121529192,-0.08019209125461349,1.4670031029881834,0.8909090909090909
1.7984847268500634,-0.08036003397739735,1.4756275608389768,0.8909090909090909
1.797787917188828,-0.08043497898625501,1.487642040954948,0.8909090909090909
1.7961508430615118,-0.08071249472060427,1.4975973191337972,0.8909090909090909
1.796191524733901,-0.08052876067839557,1.4420142658305712,0.8909090909090909
1.7970158721115026,-0.0804115443489747,1.4427913001293624,0.8909090909090909
1.7968800384266728,-0.08040204853735858,1.4421695733434616,0.8909090909090909
1.7961994642096832,-0.07934768897457231,1.4342945945346413,0.8909090909090909
1.795742877555914,-0.07951424218148541,1.4297678845677992,0.8909090909090909
1.7955449771309273,-0.0796536494099153,1.4267405817875953,0.8909090909090909
1.7949787082125015,-0.08058524604395192,1.4528013147391186,0.8909090909090909
1.7959724114832945,-0.08145158156573439,1.4478951999420488,0.8909090909090909
1.7970741382157276,-0.08119962317819147,1.4474084382593984,0.8909090909090909
1.7944998671760652,-0.08114771608679183,1.4725145953314636,0.8909090909090909
1.7949620381075184,-0.08137245083069591,1.4554539795023598,0.8909090909090909
1.796191243090123,-0.08057657016058214,1.43131506714676,0.8909090909090909
1.79552617258273,-0.07994055749129561,1.4279377554054882,0.8909090909090909
1.7953815558393202,-0.07973984767196991,1.4352098398190403,0.8909090909090909
1.79435756227642,-0.07964486294274094,1.4373462866237847,0.8909090909090909
1.794135538419967,-0.07955654787614133,1.4330992684709014,0.8909090909090909
1.7940521824505598,-0.07965671803800174,1.4432426435914458,0.8909090909090909
1.7940462797344392,-0.07991198393177487,1.4627140683392872,0.8909090909090909
1.7942807057978616,-0.08006894038383751,1.4842121382209708,0.8909090909090909
1.795334643220661,-0.08035453729378425,1.476634548663092,0.8909090909090909
1.795621648107208,-0.08041385813985752,1.4644068607652543,0.8909090909090909
1.7950294036501742,-0.08085394979287841,1.4489569293517361,0.8909090909090909
1.804316088861364,-0.07339558048803915,1.5606619007255647,0.7727272727272727
1.8062686152482843,-0.07304501779162784,1.5722561171402958,0.7727272727272727
1.8057452024022969,-0.07154172102749826,1.5357284436249417,0.7727272727272727
1.8047059135531827,-0.07029708661657803,1.5686587625888604,0.7727272727272727
1.8072344503113404,-0.07024830785245492,1.5248317479054052,0.7727272727272727
1.805776641822292,-0.07142637695332875,1.486977896698691,0.7727272727272727
1.8055113983984628,-0.07294074400131968,1.463602122985777,0.7727272727272727
1.8059658484680905,-0.0729247811711943,1.453535577404487,0.7727272727272727
1.8057896510087192,-0.07358560344026395,1.4496544081056182,0.7727272727272727
1.8054752210134488,-0.07385716375321053,1.4435072640978097,0.7727272727272727
1.8059494482517575,-0.07355059795244626,1.4540195045499618,0.7727272727272727
1.8057795250247648,-0.07290510887831059,1.4321422140394784,0.7727272727272727
1.8066485050560008,-0.07384116945847966,1.526171208878258,0.7727272727272727
1.8050772531972292,-0.0743491070253034,1.5706967159586447,0.7727272727272727
1.8070667614198321,-0.07492283420673684,1.526441029970749,0.7727272727272727
1.808056535003962,-0.07514577590768193,1.4438356179352145,0.7727272727272727
1.8085454489469277,-0.07529582817116878,1.4651078475545334,0.7727272727272727
1.8084490034577705,-0.07505610933173207,1.4696846169843272,0.7727272727272727
1.808260097117952,-0.07496327533122903,1.4479746063273662,0.7727272727272727
1.808611952174631,-0.07492050306333337,1.4500005590571943,0.7727272727272727
1.8089211352783412,-0.0748846391000505,1.4890949427439493,0.7727272727272727
1.8069693037454857,-0.07511454183840016,1.5505499847327806,0.7727272727272727
1.805988614748818,-0.07571943075997531,1.5627055063224702,0.7727272727272727
1.8068536225585818,-0.07546323014143677,1.5262230200652676,0.7727272727272727
1.8069404212991098,-0.07521081394623097,1.5183278760864354,0.7727272727272727
1.8068817633866678,-0.07625665174297602,1.5161716247561814,0.7727272727272727
1.807528949850638,-0.07604887874636282,1.5138394791710847,0.7727272727272727
1.807959208407564,-0.07582089437862899,1.4996143108541566,0.7727272727272727
1.8086102721190995,-0.07566265584590373,1.4607873163918623,0.7727272727272727
1.8095775836902122,-0.07595017595013358,1.4580311043032206,0.7727272727272727
1.8099011156195286,-0.07616687797486096,1.4724229983871653,0.7727272727272727
1.809638416548299,-0.07643694817007068,1.4801047666631544,0.7727272727272727
1.809816943831156,-0.07658930518657711,1.478425673356725,0.7727272727272727
1.8098378893816611,-0.07673075120247211,1.4773442988780479,0.7727272727272727
1.8095648993464315,-0.07651722208191966,1.4468794750694403,0.7727272727272727
1.8092028815715877,-0.07650245709899595,1.470291981932183,0.7727272727272727
1.8079589855590072,-0.07662203290456288,1.532898219788207,0.7727272727272727
1.807296162218389,-0.07659645530909799,1.5457616363607647,0.7727272727272727
1.807677692953864,-0.07615831215510523,1.5193321605990453,0.7727272727272727
1.807798375296212,-0.07576888114292402,1.491689988773947,0.7727272727272727
1.8081706605469736,-0.07597013173606751,1.5016550583656965,0.7727272727272727
1.8078698875424184,-0.07629691154175941,1.4695364236193005,0.7727272727272727
1.808396598241611,-0.07647660293366815,1.4519296289587449,0.7727272727272727
1.8086774153992629,-0.0766239250759145,1.4624421148756375,0.7727272727272727
1.8089677774646642,-0.07685874674659485,1.4776097174897573,0.7727272727272727
1.8095786157212124,-0.07664403497718852,1.4571888828065385,0.7727272727272727
1.809199880283465,-0.07645710303768283,1.448525743124366,0.7727272727272727
1.8087173070255496,-0.07663960539586279,1.4774350447853986,0.7727272727272727
1.8076113193064507,-0.07686597753054854,1.5316644855698787,0.7727272727272727
1.8076282556763665,-0.07661816751405777,1.5241287801795622,0.7727272727272727
1.8076039793946979,-0.07637338979441115,1.494475682150554,0.7727272727272727
1.8076734112162096,-0.07655713421442442,1.5154932661609044,0.7727272727272727
1.8064208805162398,-0.07686570284961391,1.5563681380507008,0.7727272727272727
1.8074866052296936,-0.07693011129649559,1.546630054168467,0.7727272727272727
1.8081024386590636,-0.07649537129187092,1.4834264107306891,0.7727272727272727
1.8082837253677917,-0.07689099746837434,1.4544281295376222,0.7727272727272727
1.8079185964399,-0.07690444084123857,1.4451046773259715,0.7727272727272727
1.8071556632911934,-0.07678273977351079,1.4451143380027225,0.7727272727272727
1.8075199588991802,-0.076663611624691,1.4436509401239974,0.7727272727272727
1.8082010810873301,-0.07678174773307932,1.463197413492391,0.7727272727272727
1.818672318299412,-0.06901529629431793,1.4566607524635447,0.6545454545454545
1.8194914445009727,-0.06964836879372859,1.442360070158669,0.6545454545454545
1.8200523246708218,-0.07389315717556674,1.472334780892287,0.6545454545454545
1.8184309207387481,-0.07331163146300869,1.4536492948121553,0.6545454545454545
1.8168057122404866,-0.07475760553059885,1.5037543346417843,0.6545454545454545
1.815528482731872,-0.07421784192402123,1.4716207713057678,0.6545454545454545
1.8135233412777214,-0.0724916799324085,1.4429581875984658,0.6545454545454545
1.816906080210215,-0.07268575164841065,1.51263992668994,0.6545454545454545
1.814980177735686,-0.07218367830838762,1.4651403553138502,0.6545454545454545
1.8143347033039268,-0.07230301698671221,1.4176969765597236,0.6545454545454545
1.816079045683698,-0.0725372138431877,1.4591358197717235,0.6545454545454545
1.8140630504751079,-0.0734853176046651,1.532934139421797,0.6545454545454545
1.8128419846861086,-0.07326626110592188,1.5121803513486478,0.6545454545454545
1.8112841979347527,-0.07290615016645592,1.50979210535874,0.6545454545454545
1.811868130691105,-0.0727631293980931,1.4979900774982584,0.6545454545454545
1.8132456205719318,-0.07320616911544395,1.4881702182284504,0.6545454545454545
1.8122849617516597,-0.07281493614473561,1.4588334312170146,0.6545454545454545
1.8124876792255191,-0.07265500712406146,1.4375686644563874,0.6545454545454545
1.814836425798724,-0.07299999051375829,1.5227345531707424,0.6545454545454545
1.8125196137064115,-0.07291290035915593,1.491530271576002,0.6545454545454545
1.8135555956415979,-0.0726897955563089,1.4280412933593254,0.6545454545454545
1.8151964846244588,-0.07201079685132439,1.42488795665711,0.6545454545454545
1.8175563985885446,-0.072515812102806,1.4582837617119548,0.6545454545454545
1.8136480364304708,-0.07227062572698667,1.4953306820902665,0.6545454545454545
1.8132349432792383,-0.07211417383108025,1.443654450591312,0.6545454545454545
1.8170334245204312,-0.07210778401399057,1.4530928105588563,0.6545454545454545
1.818158326810265,-0.07186546023325634,1.4478523678556172,0.6545454545454545
1.8157308640900536,-0.07209659695266216,1.4544269475809994,0.6545454545454545
1.8194426747491663,-0.07241845256213453,1.5130405971484076,0.6545454545454545
1.8182365270482355,-0.07214155690183353,1.4829741583669207,0.6545454545454545
1.818802025024084,-0.07170391664130359,1.4888452107545531,0.6545454545454545
1.8190506950355818,-0.07165167554137558,1.4950051203427934,0.6545454545454545
1.818778722901963,-0.07163519923620439,1.516596229637277,0.6545454545454545
1.81926339067059,-0.07177804265280154,1.5183746867332593,0.6545454545454545
1.8203197706952583,-0.0720650905507205,1.4951283978872663,0.6545454545454545
1.821272619454351,-0.07228648836359078,1.467184999581931,0.6545454545454545
1.8194272460321546,-0.07209285568209495,1.4519167234095083,0.6545454545454545
1.81552847516669,-0.07190432473463529,1.4735181694307198,0.6545454545454545
1.8176522288695236,-0.07189298461484472,1.4486906183969843,0.6545454545454545
1.8169696547822234,-0.07172738054129965,1.4810770940310338,0.6545454545454545
1.8166976279850964,-0.07199603416200374,1.4984554736419793,0.6545454545454545
1.81769316763974,-0.07233700570946872,1.4837706916616968,0.6545454545454545
1.818603757738198,-0.07219748207066914,1.4769197824025273,0.6545454545454545
1.8183441487232397,-0.07142505481669902,1.4749968053160758,0.6545454545454545
1.8181249737738314,-0.07144515324085017,1.4593581272581118,0.6545454545454545
1.8156181883972027,-0.07147034286504285,1.437733733103918,0.6545454545454545
1.8179682507500692,-0.0723441810294494,1.4676825817783616,0.6545454545454545
1.8209129236974757,-0.07243637959011905,1.478337833330622,0.6545454545454545
1.8183229467060225,-0.07157784158930185,1.4651277218507777,0.6545454545454545
1.8175833325363104,-0.07090644872291868,1.4367729032273746,0.6545454545454545
1.8177638776088043,-0.07088257433571207,1.4390392828490473,0.6545454545454545
1.8180349403124374,-0.07080655235282111,1.441012376987592,0.6545454545454545
1.8189101746204386,-0.0708724886418912,1.44899166144777,0.6545454545454545
1.820278027487288,-0.07139019364166252,1.4831040647262486,0.6545454545454545
1.8195163333641267,-0.07195355065266548,1.501618743615449,0.6545454545454545
1.820310212191659,-0.07248762346872133,1.501886904871479,0.6545454545454545
1.8213290295542397,-0.07204759456134063,1.473324650877082,0.6545454545454545
1.8196892441947896,-0.07266538476117856,1.498101255073092,0.6545454545454545
1.8202918763145335,-0.0725058189696425,1.4926837103010728,0.6545454545454545
1.8214385676166485,-0.0722133620734394,1.4878516526943957,0.6545454545454545
1.8244196468703824,-0.06512458329449894,1.5083745117518612,0.5363636363636364
1.8237557007786576,-0.06441108030052325,1.524562937154282,0.5363636363636364
1.8235257222049972,-0.06338364664633253,1.5139104916769803,0.5363636363636364
1.8234522806363276,-0.06393579683224926,1.4736990467211328,0.5363636363636364
1.8233405123837862,-0.06567750032179322,1.4674005320129488,0.5363636363636364
1.8231983437666035,-0.06644952511174738,1.4841147526935163,0.5363636363636364
1.8255973275580126,-0.06606211775152088,1.4998520996549547,0.5363636363636364
1.8258117957451425,-0.06624376160780669,1.5134938421015367,0.5363636363636364
1.8245154175863454,-0.06521434564672933,1.5105126651711982,0.5363636363636364
1.8258611137531608,-0.06560962194059289,1.5034435843370526,0.5363636363636364
1.8252947560443846,-0.0658379337674634,1.5083993294464444,0.5363636363636364
1.8248750853911535,-0.06577939871860056,1.5049017411088002,0.5363636363636364
1.8260048106867202,-0.06629658370502985,1.492737688360406,0.5363636363636364
1.8258197442669601,-0.06610917840287857,1.4899827504300158,0.5363636363636364
1.8254446841012832,-0.0670263528530692,1.485042162289071,0.5363636363636364
1.8256587907051272,-0.06715039218198282,1.4927497172872741,0.5363636363636364
1.82541247914416,-0.06703229486602809,1.5055604712190291,0.5363636363636364
1.8248557504779608,-0.0668812827345707,1.5074239890646308,0.5363636363636364
1.8246702212115438,-0.06698954918316893,1.5116430943447399,0.5363636363636364
1.8251817009541285,-0.06671377626693777,1.5040375756528963,0.5363636363636364
1.8260544424492648,-0.06643642146198436,1.5003174713029541,0.5363636363636364
1.826156440561274,-0.06687111336553933,1.5007034709005393,0.5363636363636364
1.824988961848562,-0.0666006622127112,1.5066479965423762,0.5363636363636364
1.824738538594734,-0.06702503533471056,1.5013741138036396,0.5363636363636364
1.8246841128212763,-0.06701159963380575,1.5017537567301449,0.5363636363636364
1.8251891855433486,-0.06713398882572197,1.5017201975856922,0.5363636363636364
1.825456637855859,-0.06722779719718228,1.4939969068130348,0.5363636363636364
1.8254492917642107,-0.06739796703956805,1.4953147729044864,0.5363636363636364
1.8260360344297908,-0.06735160465311817,1.498099312724901,0.5363636363636364
1.826241323960855,-0.06738769766626777,1.4956751226801601,0.5363636363636364
1.8261870987327389,-0.06739566191368827,1.4960895914121195,0.5363636363636364
1.8253074530817432,-0.06681490225194803,1.503085156869446,0.5363636363636364
1.8250138150087027,-0.06693229901361428,1.5009589017904108,0.5363636363636364
1.8247923990463235,-0.06744810007449141,1.5036483721293552,0.5363636363636364
1.8248852451561248,-0.06753658112617864,1.5035071332214396,0.5363636363636364
1.82486929974788,-0.06767813773562377,1.5032515338542554,0.5363636363636364
1.825001248541653,-0.06787253275293206,1.501887648912069,0.5363636363636364
1.825783188267544,-0.0676184662240258,1.498620317741735,0.5363636363636364
1.826133924580874,-0.06758099707996768,1.4960250456202822,0.5363636363636364
1.826116843953006,-0.0677534297405533,1.4920140415152308,0.5363636363636364
1.8261407614407217,-0.06788501937921376,1.4956311178643715,0.5363636363636364
1.8255141977405285,-0.06761716091539116,1.4952242307135193,0.5363636363636364
1.8251122876475763,-0.0675901904282107,1.4963970926496375,0.5363636363636364
1.8249181304639754,-0.06747283856000968,1.5013297899077143,0.5363636363636364
1.8247918360986677,-0.06742819528734482,1.4998052936479385,0.5363636363636364
1.8247859042013679,-0.0678284315332741,1.4986963829106525,0.5363636363636364
1.8247011908664246,-0.06802084901522648,1.4992605032168347,0.5363636363636364
1.8248697713029025,-0.06819676901223633,1.4983058472135922,0.5363636363636364
1.8248625140608943,-0.06820698113291775,1.4983392709456562,0.5363636363636364
1.824743850902121,-0.06804228248395813,1.499325468691847,0.5363636363636364
1.824710481863426,-0.06798223568729767,1.5001932685958526,0.5363636363636364
1.8246992732961598,-0.0678745530032284,1.4993852023621932,0.5363636363636364
1.8247661354828657,-0.06782046003311235,1.5006401377572816,0.5363636363636364
1.824872716957231,-0.06793102128672958,1.4999289429215352,0.5363636363636364
1.8253293643729966,-0.06776120922477388,1.498017848137998,0.5363636363636364
1.8256705442329304,-0.06775717944869614,1.4961937047078722,0.5363636363636364
1.82575479391851,-0.06787334754471451,1.494266886266842,0.5363636363636364
1.825756844430141,-0.06799134387607009,1.494118455471239,0.5363636363636364
1.82605528093455,-0.06804521232835073,1.4930574699905061,0.5363636363636364
1.8262677331778792,-0.06789178729205243,1.4913775679640624,0.5363636363636364
1.8409178702286733,-0.06646008432427467,1.4931150686717878,0.41818181818181815
1.8412041081000705,-0.06610972739683911,1.4919209858503903,0.41818181818181815
1.8411499558970181,-0.06580747036751307,1.4768915494874575,0.41818181818181815
1.8417913870675098,-0.0662049152450948,1.4944491918577674,0.41818181818181815
1.841393920638398,-0.06584323849703928,1.4928986639026838,0.41818181818181815
1.8409854893516908,-0.06604920067074638,1.4735248554814517,0.41818181818181815
1.8400096044905079,-0.06650317841538111,1.4830798694591971,0.41818181818181815
1.8405344991631742,-0.06623415036254891,1.481587393730566,0.41818181818181815
1.8405072920596663,-0.06601921302903925,1.4827053547789493,0.41818181818181815
1.8409840648876898,-0.06631482854338024,1.4926966571906801,0.41818181818181815
1.8405713430494806,-0.06598445681628241,1.4850863656675426,0.41818181818181815
1.8404916570799021,-0.06604978872526605,1.4784345593465693,0.41818181818181815
1.8408590182496967,-0.06563830673359934,1.4685057920740703,0.41818181818181815
1.8407813151234742,-0.06576228114547442,1.4724391300444086,0.41818181818181815
1.8412519589982566,-0.06543087975948755,1.4666764693485743,0.41818181818181815
1.841388403011514,-0.06551588245379789,1.4669839782366132,0.41818181818181815
1.8415254030460642,-0.06560028299287257,1.4725787961049899,0.41818181818181815
1.8413069787071743,-0.06574773633743308,1.478796591186839,0.41818181818181815
1.8403526745167507,-0.06602975721355503,1.4876472409389012,0.41818181818181815
1.8400867329264725,-0.06593145279290885,1.4820048346836538,0.41818181818181815
1.8401814120004238,-0.06605272767835652,1.4808262964547694,0.41818181818181815
1.8405820085743425,-0.06604046558272661,1.47724279210275,0.41818181818181815
1.8412338927745502,-0.06560858283731516,1.4734063337436762,0.41818181818181815
1.84148119119949,-0.06548090531969059,1.4688055971395653,0.41818181818181815
1.8414153708515002,-0.06540069044112179,1.4687191521913996,0.41818181818181815
1.8413366177178694,-0.06537502061003592,1.4708402153960647,0.41818181818181815
1.84118281777913,-0.06540346113978687,1.4699702096789367,0.41818181818181815
1.8412596782890287,-0.06549349320423882,1.4713501108312748,0.41818181818181815
1.8412414558216277,-0.06546937872712279,1.4744897227999068,0.41818181818181815
1.841218802388719,-0.06555423551113432,1.4768682208883095,0.41818181818181815
1.8410062562410232,-0.06564058279230447,1.4777923825954735,0.41818181818181815
1.8411309081124845,-0.06578266235699809,1.4782584040832352,0.41818181818181815
1.8410662906560598,-0.06584620651122061,1.4789450749563458,0.41818181818181815
1.841135551392477,-0.06592313937042663,1.478137399597405,0.41818181818181815
1.8413001705059195,-0.06575464245349294,1.4776691225642677,0.41818181818181815
1.8413626925685824,-0.06558838014986101,1.4740391810966038,0.41818181818181815
1.8412663516846828,-0.06564614189907843,1.4725646489805924,0.41818181818181815
1.8412231730532223,-0.06565028830537015,1.47420419762118,0.41818181818181815
1.8410427735309587,-0.0656501631330151,1.4747340292189506,0.41818181818181815
1.8407822167825314,-0.06572225891155874,1.476045033708976,0.41818181818181815
1.8407048990675787,-0.06575029389650063,1.4754890460336207,0.41818181818181815
1.8405510634396784,-0.06576130260191157,1.4763072165162832,0.41818181818181815
1.8405450696340213,-0.06576567164546747,1.4776540504808018,0.41818181818181815
1.840545167271578,-0.06562745000592204,1.4747604400968783,0.41818181818181815
1.841033699580524,-0.06574537582024947,1.4734422873966306,0.41818181818181815
1.8412250992014232,-0.06573589563605323,1.471067662110601,0.41818181818181815
1.8415969601889652,-0.06588349182890874,1.4749911039752017,0.41818181818181815
1.8412070785977899,-0.06592854113366489,1.4811149209770738,0.41818181818181815
1.8411255014340902,-0.06561793810038641,1.4819184511385395,0.41818181818181815
1.841022534765571,-0.06576527681730458,1.4799055574857831,0.41818181818181815
1.8408809164874647,-0.06590939056342493,1.477767929072976,0.41818181818181815
1.8413812725751444,-0.06583743826472205,1.4728559436653568,0.41818181818181815
1.841628925416271,-0.06577738099391969,1.473582617095791,0.41818181818181815
1.8414910900902308,-0.06573145280932166,1.4797735705907846,0.41818181818181815
1.841655440550713,-0.06567615997979631,1.4813247277429298,0.41818181818181815
1.8415150650708199,-0.06552778182882377,1.483033968083026,0.41818181818181815
1.8411764450447712,-0.06576481185791583,1.4851693461493616,0.41818181818181815
1.8410552580894097,-0.06589102629142776,1.4851793166373892,0.41818181818181815
1.8409349139133537,-0.06575319384962454,1.4791704391618075,0.41818181818181815
1.8409792093446913,-0.06549553795023215,1.4801542862899524,0.41818181818181815
1.909357069104392,-0.06783874857172989,1.4937141110477683,0.3
1.9086151956024433,-0.051006958314410544,1.495612435702942,0.3
1.9070199612820782,-0.05080828150618212,1.500707618702418,0.3
1.9096651940762466,-0.05114087715750923,1.5096684019399351,0.3
1.9092923741617687,-0.05172660606062909,1.4986230901579543,0.3
1.9086111061623194,-0.051061613213756574,1.4924833157900697,0.3
1.9102120844095185,-0.051122667930012425,1.5157131816311433,0.3
1.9080750677591496,-0.051145780598164534,1.5194489820003876,0.3
1.9094386353763984,-0.05197395216054447,1.5062452767750591,0.3
1.9089483128167424,-0.05198005531087585,1.5084046604102523,0.3
1.9080175751779995,-0.052048181831237605,1.4990032816262189,0.3
1.9082160733958764,-0.05211691360752144,1.4985089335393011,0.3
1.9086917697509553,-0.05344755578008119,1.5208576009293873,0.3
1.910526731323611,-0.05293963103717095,1.5088189513936996,0.3
1.910501786169054,-0.053120099953497424,1.4969006703700833,0.3
1.9107391450975404,-0.05288441747815817,1.497626066514803,0.3
1.9096491131877058,-0.0531300898209765,1.4830150178071118,0.3
1.9118432108740309,-0.05374097610794469,1.5113540617499936,0.3
1.9119814358041265,-0.05370890838174537,1.4793229513924158,0.3
1.911165393871388,-0.054249340687768,1.5113161916174125,0.3
1.9109100054916348,-0.05472216152585298,1.499462708985759,0.3
1.912269777090915,-0.054116737126357936,1.4925353298799149,0.3
1.911170713457066,-0.053687385793558084,1.4587254459872798,0.3
1.9008636732200457,-0.0545405246238736,1.519092484722426,0.3
1.8993013498773876,-0.054858322223373196,1.4963886827808257,0.3
1.9002751098215418,-0.05502988446300938,1.5070662932647694,0.3
1.901862131326638,-0.05579477577828039,1.5221178912206088,0.3
1.8998525659662349,-0.055019879679400696,1.4979745319902755,0.3
1.900320135354267,-0.055459153682050746,1.4822078300511998,0.3
1.9002528096627038,-0.05623229501851587,1.4809582508728518,0.3
1.9010015432534195,-0.05639537482455398,1.4931104648672466,0.3
1.9001409549762145,-0.05651047232195963,1.5107794212594288,0.3
1.899412219598891,-0.05722055145938722,1.4959258744709467,0.3
1.9005982328441886,-0.05686493524397224,1.4808708445009082,0.3
1.9022619703691175,-0.05699297713626969,1.5228352811057468,0.3
1.899846518233796,-0.05681708770629146,1.4817881656232796,0.3
1.9009117649404224,-0.05731774698813573,1.4972581112318493,0.3
1.9019320008981973,-0.057244864956010014,1.4921046180386508,0.3
1.9017823610106355,-0.057431296769296494,1.5197428822041767,0.3
1.9013542882805443,-0.05812299049251446,1.5062677231654882,0.3
1.9019238968488819,-0.05842549737630478,1.5052532975901698,0.3
1.9022857628894196,-0.05827649492927898,1.4760468487186944,0.3
1.9012551529885624,-0.05809050047684329,1.4836736729981816,0.3
1.901398982362725,-0.058024570288470176,1.4770958160224685,0.3
1.9022730971614525,-0.05869358701491665,1.4913618313959374,0.3
1.9021064685373192,-0.0584366347823819,1.4907802620857444,0.3
1.9015587268363712,-0.05934253865381217,1.4800907462579151,0.3
1.9016389769719306,-0.05878561607989011,1.4703438705844032,0.3
1.903966836478814,-0.059611938726785746,1.5161778472966776,0.3
1.9022423744980212,-0.05945227665794629,1.4895664488566278,0.3
1.9002102151480456,-0.05981359877544125,1.4548943017799472,0.3
1.9028254187001088,-0.06026991906587524,1.489837253317943,0.3
1.9020024811593175,-0.0602444660561582,1.4898644712235833,0.3
1.9028168876785425,-0.06046217949530979,1.486320667969392,0.3
1.9028349678412688,-0.060845042878225786,1.4912357902098337,0.3
1.902171449868921,-0.06096409057441845,1.5009443420532724,0.3
1.9014187954690303,-0.06005320819486379,1.4656940561341973,0.3
1.9024684601755069,-0.060511791035785294,1.4988577447381783,0.3
1.9021134224135041,-0.06070381452007587,1.456183305124734,0.3
1.9036111494296564,-0.06104847738015483,1.479322877730348,0.3
